{"chunk_definitions":[{"chunk_id":"cnnwwgswpng9y","chunk_label":"unnamed-chunk-1","document_id":"32C92B56","expansion_state":0,"options":{"engine":"r","label":"unnamed-chunk-8"},"row":34,"row_count":1,"visible":true},{"chunk_id":"c5janercoysal","chunk_label":"unnamed-chunk-2","document_id":"32C92B56","expansion_state":0,"options":{"engine":"r","label":"unnamed-chunk-9"},"row":50,"row_count":1,"visible":true},{"chunk_id":"cc26dkjql134u","chunk_label":"unnamed-chunk-3","document_id":"32C92B56","expansion_state":0,"options":{"engine":"r","label":"unnamed-chunk-20"},"row":72,"row_count":1,"visible":true},{"chunk_id":"ccqw514k91glu","chunk_label":"unnamed-chunk-4","document_id":"32C92B56","expansion_state":0,"options":{"engine":"r","label":"unnamed-chunk-11"},"row":92,"row_count":1,"visible":true},{"chunk_id":"csro6oe4b0j8q","chunk_label":"unnamed-chunk-5","document_id":"32C92B56","expansion_state":0,"options":{"engine":"r","label":"unnamed-chunk-12"},"row":146,"row_count":1,"visible":true},{"chunk_id":"cktfm9bqtspfe","chunk_label":"unnamed-chunk-6","document_id":"32C92B56","expansion_state":0,"options":{"engine":"r","label":"unnamed-chunk-13"},"row":152,"row_count":1,"visible":true},{"chunk_id":"cdpv2nnakj6b9","chunk_label":"unnamed-chunk-7","document_id":"32C92B56","expansion_state":0,"options":{"engine":"r","label":"unnamed-chunk-14"},"row":161,"row_count":1,"visible":true},{"chunk_id":"csck0mieysp07","chunk_label":"unnamed-chunk-8","document_id":"32C92B56","expansion_state":0,"options":{"engine":"r","label":"unnamed-chunk-15"},"row":189,"row_count":1,"visible":true},{"chunk_id":"c2ws4jeyl8n3u","chunk_label":"unnamed-chunk-9","document_id":"32C92B56","expansion_state":0,"options":{"engine":"r","label":"unnamed-chunk-16"},"row":197,"row_count":1,"visible":true},{"chunk_id":"conz3t7hmd78u","chunk_label":"unnamed-chunk-10","document_id":"32C92B56","expansion_state":0,"options":{"engine":"r","label":"unnamed-chunk-17"},"row":209,"row_count":1,"visible":true},{"chunk_id":"cxa26df3yltqc","chunk_label":"unnamed-chunk-11","document_id":"32C92B56","expansion_state":0,"options":{"engine":"r","label":"unnamed-chunk-18"},"row":221,"row_count":1,"visible":true}],"chunk_rendered_width":700,"default_chunk_options":{"echo":true},"doc_write_time":1585598226,"working_dir":null}