"0","colnames(c_pok)=c(""States"",""Status"",""Frequency"")"
"0","##view(c_pok)"
"0","#str(c_pok)"
"0","#States with Maximum Complaints"
"0","##install.packages(""viridis"")"
"0","##install.packages(""hrbrthemes"")"
"0","library(ggplot2)"
"0","library(viridis)"
"0","library(hrbrthemes)"
"0","ggplot(c_pok,aes(fill=Status,x=Frequency,y=States),)+"
"0","  geom_bar(position=""stack"", stat=""identity"") +"
"0","  scale_fill_viridis(discrete = T) +"
"0","  ggtitle(""Complaint Status by State"") +"
"0","  theme_ipsum() +"
"0","  xlab(""Count"")"
