"0","#Data Cleaning"
"0","#Converting Dates into R Date Type"
"0","##install.packages(""lubridate"")"
"0","library(lubridate) "
"0","mdy = mdy(cust_com$Date)"
"2"," 1615 failed to parse."
"0","dmy = dmy(cust_com$Date)"
"0","mdy[is.na(mdy)] <- dmy[is.na(mdy)]"
"0","cust_com$Date = mdy"
"0",""
"0","#Verifying for change in Date Datatype"
"0","str(cust_com$Date)"
"1"," "
"1",""
"1","Date"
"1",""
"1","[1:2224]"
"1",""
"1",", format: "
"1",""
"1","""2015-04-22"" ""2015-04-08"" ""2015-04-18"" ""2015-05-07"" ""2015-05-26"" ""2015-06-12"" ""2015-06-24"""
"1",""
"1"," ..."
"1",""
"1","
"
