"0","##install.packages(""tidyverse"")"
"0","library(tidyverse)"
"0","com_months=data.frame(comp_dates)"
"0","##view(b)"
"0","colnames(com_months)=c(""Months"")"
"0","com_months=month(com_months$Months)"
"0","str(com_months)"
"1"," num [1:91] "
"1",""
"1","4 4 4 4 4 4 4 4 4 4"
"1",""
"1"," ..."
"1",""
"1","
"
"0","com_months=as.data.frame(com_months)"
"0","com_months <- transform(com_months,MonthAbb = month.abb[com_months])"
"0","com_months=com_months$MonthAbb"
"0","#view(com_months)"
"0","levels(com_months)"
"1","[1]"
"1"," ""Apr"""
"1"," ""Jun"""
"1"," ""May"""
"1","
"
"0","com_months=as.data.frame(com_months)"
"0","com_months=com_months %>% group_by(com_months) %>% summarise(frequency = n())"
"0","str(com_months)"
"1","Classes"
"1"," "
"1","‘tbl_df’, ‘tbl’"
"1"," "
"1","and "
"1","'data.frame':	"
"1",""
"1","3"
"1",""
"1"," obs. of  "
"1",""
"1","2"
"1",""
"1"," variable"
"1",""
"1","s"
"1",""
"1",":"
"1",""
"1","
"
"1"," "
"1",""
"1","$ "
"1",""
"1","com_months"
"1",""
"1",":"
"1"," Factor w/ 3 levels ""Apr"",""Jun"",""May"": "
"1",""
"1","1 2 3"
"1",""
"1","
"
"1"," "
"1",""
"1","$ "
"1",""
"1","frequency "
"1",""
"1",":"
"1"," int  "
"1",""
"1","30 30 31"
"1",""
"1","
"
"0","barplot(com_months$frequency,names.arg = com_months$com_months)"
