"0","#install.packages(""dplyr"")"
"0","library(dplyr)"
"0","library(ggplot2)"
"0","library(scales)"
"0",""
"0",""
"0","#Daily Trend Chart"
"0","comp_dates=data.frame(cust_com$Date)"
"0","colnames(comp_dates)=c(""Dates"")"
"0","comp_dates=comp_dates %>% group_by(Dates) %>% summarise(frequency = n())"
"0",""
"0","str(comp_dates)"
"1","Classes"
"1"," "
"1","‘tbl_df’, ‘tbl’"
"1"," "
"1","and "
"1","'data.frame':	"
"1",""
"1","91"
"1",""
"1"," obs. of  "
"1",""
"1","2"
"1",""
"1"," variable"
"1",""
"1","s"
"1",""
"1",":"
"1",""
"1","
"
"1"," "
"1",""
"1","$ "
"1",""
"1","Dates    "
"1",""
"1",":"
"1"," "
"1",""
"1","Date"
"1",""
"1",", format: "
"1",""
"1","""2015-04-01"" ""2015-04-02"" ""2015-04-03"""
"1",""
"1"," ..."
"1",""
"1","
"
"1"," "
"1",""
"1","$ "
"1",""
"1","frequency"
"1",""
"1",":"
"1"," int  "
"1",""
"1","18 27 15 12 6 13 25 28 21 21"
"1",""
"1"," ..."
"1",""
"1","
"
"0","figure_1 <- ggplot(comp_dates, aes(Dates, frequency)) + geom_line()+"
"0","  scale_x_date(date_labels = ""%d/%m/%y"",date_breaks = ""1 day"")+"
"0","  theme(axis.text.x = element_text(angle = 60, hjust = 1))"
"0","figure_1"
